{
  "hash": "1aa40d91",
  "configHash": "dd090f45",
  "lockfileHash": "23969807",
  "browserHash": "91ccceea",
  "optimized": {
    "@angular/core": {
      "src": "../../../../../../node_modules/@angular/core/fesm2022/core.mjs",
      "file": "@angular_core.js",
      "fileHash": "abeaf2c6",
      "needsInterop": false
    },
    "@angular/platform-browser": {
      "src": "../../../../../../node_modules/@angular/platform-browser/fesm2022/platform-browser.mjs",
      "file": "@angular_platform-browser.js",
      "fileHash": "77bee3f2",
      "needsInterop": false
    },
    "@angular/router": {
      "src": "../../../../../../node_modules/@angular/router/fesm2022/router.mjs",
      "file": "@angular_router.js",
      "fileHash": "19c80ff5",
      "needsInterop": false
    },
    "ag-grid-angular": {
      "src": "../../../../../../node_modules/ag-grid-angular/fesm2022/ag-grid-angular.mjs",
      "file": "ag-grid-angular.js",
      "fileHash": "5ee6f5b9",
      "needsInterop": false
    },
    "ag-grid-community": {
      "src": "../../../../../../node_modules/ag-grid-community/dist/package/main.esm.mjs",
      "file": "ag-grid-community.js",
      "fileHash": "ee4ce479",
      "needsInterop": false
    },
    "highcharts": {
      "src": "../../../../../../node_modules/highcharts/highcharts.js",
      "file": "highcharts.js",
      "fileHash": "7db95322",
      "needsInterop": true
    },
    "highcharts-angular": {
      "src": "../../../../../../node_modules/highcharts-angular/fesm2022/highcharts-angular.mjs",
      "file": "highcharts-angular.js",
      "fileHash": "bebe4235",
      "needsInterop": false
    }
  },
  "chunks": {
    "chunk-4KOQK3XH": {
      "file": "chunk-4KOQK3XH.js"
    },
    "chunk-NICMWEOA": {
      "file": "chunk-NICMWEOA.js"
    },
    "chunk-HI7H6MSJ": {
      "file": "chunk-HI7H6MSJ.js"
    },
    "chunk-3OV72XIM": {
      "file": "chunk-3OV72XIM.js"
    }
  }
}